Model,Accuracy,Precision,Recall,F1,ROC_AUC,PR_AUC
Random Forest,0.91,0.77,0.84,0.8,0.883,0.684
LightGBM,0.9016551819319986,0.8695078582080992,0.6631233595800525,0.7524197150940587,0.9373423380076447,0.8662183483831635
XGBoost,0.9051942546752235,0.7610281073836086,0.844488188976378,0.8005888817467394,0.9554940502281575,0.9043031496151253
Logistic Regression (Balanced),0.789094924043021,0.5277798832714318,0.6091863517060367,0.5655687771595662,0.8011143560302649,0.6787407634744472
XGBoost (Tuned),0.9103204881751594,0.7747434822533636,0.8488626421697287,0.8101112572275451,0.9592452366703377,0.9103476636466439
